{"RuleTriggered": 0, "Violations": 0, "Details": {"pin_memory": false, "num_workers": 0, "cores": 36, "dataloaders": 1, "dataloading_time": {"p25": 0.02248675, "p50": 0.023111, "p95": 0.02622165, "probs": [1, 0, 0, 0, 0, 0, 0, 0, 0, 0, 0, 0, 0, 0, 0, 0, 0, 0, 0, 0, 0, 0, 0, 0, 0, 0, 0, 0, 0, 0, 0, 0, 0, 0, 0, 0, 0, 0, 0, 0, 0, 0, 0, 0, 0, 0, 0, 0, 0, 0, 0, 0, 0, 0, 0, 0, 0, 0, 0, 0, 0, 0, 0, 0, 0, 0, 0, 0, 0, 0, 0, 0, 0, 0, 0, 1, 1, 1, 0, 1, 1, 1, 0, 0, 0, 1, 0, 0, 0, 0, 0, 0, 1, 0, 0, 0, 0, 0, 0, 1], "binedges": [0.008311, 0.008496150000000001, 0.008681300000000001, 0.008866450000000001, 0.0090516, 0.00923675, 0.0094219, 0.00960705, 0.009792200000000001, 0.009977350000000001, 0.010162500000000001, 0.01034765, 0.0105328, 0.01071795, 0.0109031, 0.011088250000000001, 0.0112734, 0.01145855, 0.0116437, 0.01182885, 0.012014, 0.01219915, 0.0123843, 0.01256945, 0.0127546, 0.01293975, 0.0131249, 0.01331005, 0.013495199999999999, 0.01368035, 0.0138655, 0.01405065, 0.0142358, 0.01442095, 0.0146061, 0.014791249999999999, 0.0149764, 0.01516155, 0.0153467, 0.01553185, 0.015717000000000002, 0.01590215, 0.0160873, 0.01627245, 0.0164576, 0.016642749999999998, 0.0168279, 0.017013050000000002, 0.017198199999999997, 0.01738335, 0.0175685, 0.01775365, 0.017938799999999998, 0.01812395, 0.018309100000000002, 0.018494249999999997, 0.0186794, 0.01886455, 0.0190497, 0.019234849999999998, 0.01942, 0.01960515, 0.019790299999999997, 0.01997545, 0.0201606, 0.02034575, 0.020530899999999998, 0.02071605, 0.020901199999999998, 0.021086349999999997, 0.0212715, 0.02145665, 0.0216418, 0.021826949999999998, 0.0220121, 0.022197249999999998, 0.022382399999999997, 0.02256755, 0.0227527, 0.02293785, 0.023122999999999998, 0.02330815, 0.023493299999999998, 0.023678449999999997, 0.0238636, 0.02404875, 0.024233899999999996, 0.024419049999999998, 0.0246042, 0.02478935, 0.024974499999999997, 0.02515965, 0.0253448, 0.025529949999999996, 0.025715099999999998, 0.02590025, 0.026085399999999995, 0.026270549999999997, 0.0264557, 0.02664085, 0.026826]}}, "Datapoints": 10, "RuleParameters": "min_threshold:70\nmax_threshold:200"}