{"RuleTriggered": 0, "Violations": 0, "Details": {"step_num": {"first": 1658074575595983, "last": 1658077123770486}, "job_start": 1658074512.001157, "job_end": 1658077139.501497}, "Datapoints": 88, "RuleParameters": "threshold:20"}