{"RuleTriggered": 0, "Violations": 0, "Details": {"ratio": {"cpu_functions": 100.0}, "phase": {"Step:ModeKeys.GLOBAL": 97.41299058380538, "others": 2.587009416194618}, "phase_time": {}, "general": {"DataLoaderIterInitialize": 0.008593007970047695, "Forward": 99.98295091257317, "DataLoaderIter": 0.008456079456773936}, "CPU": {"dropout": 2.9932146688621595, "matmul": 10.315095768203204, "mm": 30.17982255383771, "NativeLayerNormBackward": 5.849614198116824, "native_layer_norm_backward": 5.848049451618904, "MmBackward": 21.17821296625964, "GeluBackward": 11.818168432851065, "gelu_backward": 11.817821960250493}, "CPU_total": {"dropout": 12250257, "matmul": 42216342, "mm": 123516227, "NativeLayerNormBackward": 23940574, "native_layer_norm_backward": 23934170, "MmBackward": 86675558, "GeluBackward": 48367931, "gelu_backward": 48366513}}, "Datapoints": 0, "RuleParameters": ""}